"","type","pPerm"
"1","ygap no controls 1959Q4-2019Q4",0.491701659668066
"2","ygap no controls 1985Q1-2019Q4",0.922015596880624
"3","ygap no controls 1973Q1-2019Q4",0.64127174565087
